query,name,rating,reviews,site,profile_image,page_url,claimed,closed,temporarily_closed,categories,email,email.emails_validator.status,email.emails_validator.status_details,phone,address,city,country,zip_code,email_1,email_1.emails_validator.status,email_1.emails_validator.status_details,email_1_full_name,email_1_first_name,email_1_last_name,email_1_title,email_1_phone,email_2,email_2.emails_validator.status,email_2.emails_validator.status_details,email_2_full_name,email_2_first_name,email_2_last_name,email_2_title,email_2_phone,email_3,email_3.emails_validator.status,email_3.emails_validator.status_details,email_3_full_name,email_3_first_name,email_3_last_name,email_3_title,email_3_phone,phone_1,phone_2,phone_3,facebook,instagram,linkedin,tiktok,medium,reddit,skype,snapchat,telegram,whatsapp,twitter,vimeo,youtube,github,crunchbase,website_title,website_generator,website_description,website_keywords,website_has_fb_pixel,website_has_google_tag,company_insights.city,company_insights.country,company_insights.description,company_insights.employees,company_insights.founded_year,company_insights.industry,company_insights.is_public,company_insights.linkedin_bio,company_insights.linkedin_company_page,company_insights.name,company_insights.revenue,company_insights.state,company_insights.timezone,company_insights.twitter_handle,company_insights.address,company_insights.facebook_company_page,company_insights.phone,company_insights.phone.whitepages_phones.address,company_insights.phone.whitepages_phones.fastbackgroundcheck,company_insights.phone.whitepages_phones.lookup_type,company_insights.phone.whitepages_phones.name,company_insights.zip
insurance,Sterling Insurance,4.3,14365,https://www.sterling-insurance.co.uk,//s3-eu-west-1.amazonaws.com/tpd/logos/5d1372d7588afe000124079a/0x0.png,https://www.trustpilot.com/review/www.sterling-insurance.co.uk,,,,,,,,,,,United Kingdom,,a.morton@hertsinsurance.com,UNKNOWN,Cannot validate,Andy Morton,Andy,Morton,General Manager,01279719909,alittleton@sterling-insurance.co.uk,UNKNOWN,Cannot validate,Alicia Littleton,Alicia,Littleton,Receptionist,,nobody@hertsinsurance.com,INVALID,Undeliverable,,,,,,03443819350,03443819990,01279719909,https://www.facebook.com/sterlinginsuranceUK/,https://www.instagram.com/sterlinginsuranceuk,https://www.linkedin.com/company/herts-insurance-consultants,,,,,,,,https://twitter.com/Sterling_Ins,,,,,Best Learner Driver Insurance deals are available by phone,"Elementor 3.26.4; features: e_font_icon_svg, additional_custom_breakpoints; settings: css_print_method-external, google_font-enabled, font_display-swap",Learner Driver Insurance from Sterling Insurance. Exceptional cover with over 30 years experience of finding great deals. Get a free callback on your mobile today.,,False,False,Bishop's Stortford,United Kingdom,"Car, Van, Home or Breakdown Insurance from Sterling If you are looking for car, van or home insurance, or if you are learning to drive. You can make the most of our 30 years of expertise. Get a quote today! Exceptional insurance cover at an exceptional...",250.0,1989.0,INSURANCE,False,"Car, Van, Home or Breakdown Insurance from Sterling If you are looking for car, van or home insurance, or if you are learning to drive. You can make the most of our 30 years of expertise. Get a quote today! Exceptional insurance cover at an exceptional...",https://www.linkedin.com/company/herts-insurance-consultants,Sterling Insurance,50000000.0,Hertfordshire,Europe/London,Sterling_Ins,,,,,,,,
insurance,RAC Car Insurance,4.4,8976,https://rac.co.uk/insurance/car-insurance,//s3-eu-west-1.amazonaws.com/tpd/logos/6682b0d8229a85aa9abc07be/0x0.png,https://www.trustpilot.com/review/rac.co.uk/insurance,,,,"Insurance Broker, Auto Insurance Agency, Insurance Agency",,,,,,,United Kingdom,,tuscansun01@aol.com,RECEIVING,Verified,Lisa Wheeler,Lisa,Wheeler,Yoga Instructor,,tg700@aol.com,RECEIVING,Verified,Therese Gerber,Therese,Gerber,Care For Children,,henrymcfadden02@yahoo.de,INVALID,Undeliverable,Henry Mcfadden,Henry,Mcfadden,Chief Executive Officer,,03332000999,03301598743,03301590358,https://www.facebook.com/rac,https://www.instagram.com/therac_uk,https://www.linkedin.com/company/rac-business-services,,,,,,,,https://twitter.com/RAC_Breakdown,,https://www.youtube.com/user/RACBreakdown,,,RAC Breakdown Cover & Car Insurance | Route Planner | RAC,,"Become an RAC member and get trusted Breakdown Cover with roadside and at home cover as standard, plus check out our Insurance and Route Planner services.",,,,Walsall,United Kingdom,"Pro Auto Finder is an insurance company which specializes in Vehicle Breakdown Cover, Vehicle Insurance, Financial Services / Insurance.",5000.0,1897.0,AUTOMOTIVE,False,"Pro Auto Finder is an insurance company which specializes in Vehicle Breakdown Cover, Vehicle Insurance, Financial Services / Insurance.",https://www.linkedin.com/company/rac,RAC,1000000000.0,West Midlands,Europe/London,TheRAC_UK,Rac House Brockhurst Cres,https://www.facebook.com/RAC,08000280998,,,,,WS5 4AW
insurance,The AA Insurance,4.5,36046,https://theaa.com/insurance,//s3-eu-west-1.amazonaws.com/tpd/logos/60acfeea1aeec100018cedf1/0x0.png,https://www.trustpilot.com/review/theaa.com/insurance,,,,Home Insurance Agency,,,,,,,United Kingdom,,kenmaccoll@live.co.uk,RECEIVING,Verified,Ken Maccoll,Ken,Maccoll,Management Information Analyst,,sheryl.ward@aa.com,RECEIVING,Verified,Sheryl Ward,Sheryl,Ward,Administrator,,betty.bell@theaa.com,RECEIVING,Confirmed,Betty Bell,Betty,Bell,Administrative Assistant,,03444721081,08001079068,08001976169,https://www.facebook.com/TheAAUK,https://www.instagram.com/theaa_uk,https://www.linkedin.com/company/aa-cars,,,,,,,,http://twitter.com/TheAA_uk,,https://www.youtube.com/user/theAAPatrol,,,"AA SALE | 40% OFF Breakdown Cover | Insurance, Route Planner",,"Get 40% off monthly & annual breakdown cover packages - Online only exclusive. T&Cs apply. Also offers car & home insurance, route planning, loans & more.",,False,False,Basingstoke,United Kingdom,"AA plc, trading as The AA, is a British motoring association founded in 1905, which currently provides vehicle insurance, driving lessons, breakdown cover, loans, motoring advice, road maps and other services.",5000.0,1905.0,INSURANCE,True,"AA plc, trading as The AA, is a British motoring association founded in 1905, which currently provides vehicle insurance, driving lessons, breakdown cover, loans, motoring advice, road maps and other services.",https://www.linkedin.com/company/the-aa,Automobile Association Developments,10000000.0,Hampshire,Europe/London,TheAA_UK,5C) Or A Vehicle On Hire Certificate (ve103b),https://facebook.com/theaauk,8000852721,,,,,SK8 2DY
insurance,Fetch Pet Insurance,4.5,5518,https://fetchpet.com,//s3-eu-west-1.amazonaws.com/tpd/logos/60a6634c961d18000147bf78/0x0.png,https://www.trustpilot.com/review/fetchpet.com,,,,Pet Insurance Company,,,,,,,United States,,williamrskubovius@gmail.com,RECEIVING,Verified,William Skubovius,William,Skubovius,Senior Vice President Business Development,12049606249,assadiamanda@gmail.com,RECEIVING,Verified,Amanda Assadi,Amanda,Assadi,Executive Creative Director,,andrew.lontos@fetchpet.com,RECEIVING,Verified,Andrew Lontos,Andrew,Lontos,Director Of Brand Marketing And Operations,19179296117,18665090163,8445590590,12049606249,https://www.facebook.com/113347880536548,,https://www.linkedin.com/company/fetch-pet-insurance,,,,,,,,,,,,,,,,,,,,,The pet insurance + wellness company helping pets live their very best lives.,10.0,,,False,,,Fetchpet,,,,,,,,,,,,
insurance,Swinton Insurance,4.4,43583,https://www.swinton.co.uk/,//s3-eu-west-1.amazonaws.com/tpd/logos/4be6bdd40000640005098596/0x0.png,https://www.trustpilot.com/review/www.swinton.co.uk,,,,Insurance Agency,,,,,,,United Kingdom,,j.clarke@salesperson.net,RECEIVING,Verified,James Clarke,James,Clarke,Claims Negotiator,,marieshort123@hotmail.com,RECEIVING,Verified,Marie Mogridge,Marie,Mogridge,Business Analyst,,russell.philpott@yahoo.co.uk,UNKNOWN,Cannot validate,Russell Philpott,Russell,Philpott,Senior Risk And Compliance Manager,,03330359387,03330359362,03330359480,https://www.facebook.com/SwintonInsurance,https://www.instagram.com/swintoninsure,http://www.linkedin.com/company/41399,,,,,,,,https://twitter.com/SwintonGroup,,,,,Business Insurance Quotes | Swinton Business,,Swinton caters for a wide range of business insurance requirements - from tradesmen and shop owners to landlords and motor traders. Contact us today!,,False,False,Salford,United Kingdom,"Swinton Insurance offers a variety of insurance products and services, including car, home, bike, van, business, and taxi insurance, along with breakdown cover. Trusted by over a million customers for over 60 years.",5000.0,1957.0,INSURANCE,False,"Swinton Insurance offers a variety of insurance products and services, including car, home, bike, van, business, and taxi insurance, along with breakdown cover. Trusted by over a million customers for over 60 years.",https://www.linkedin.com/company/swinton-insurance,Swinton Insurance,500000000.0,Greater Manchester,Europe/London,SwintonGroup,2 New Kings Head Yard,https://facebook.com/swintoninsurance,+44 344 481 0800,,,,,M3 7GH
insurance,Admiral Insurance,4.5,140036,https://www.admiral.com,//s3-eu-west-1.amazonaws.com/tpd/logos/4be0843700006400050788f5/0x0.png,https://www.trustpilot.com/review/www.admiral.com,,,,"Insurance Company, Travel Insurance Company, Home Insurance Agency, Insurance Agency, Auto Insurance Agency, Pet Insurance Company",,,,,"Tŷ Admiral, David Street",Cardiff,United Kingdom,CF102EH,hmaurer@admiralcleaners.com,INVALID,Undeliverable,Harry Maurer,Harry,Maurer,Logistics Coordinator,,sam@admiralpetroleum.com,INVALID,Undeliverable,Sam Ziemba,Sam,Ziemba,Manager,,jsimms@admiralcleaners.com,INVALID,Undeliverable,Jason Simms,Jason,Simms,Purchasing Agent,,03332202090,03301277042,443303335886,https://www.facebook.com/admiralUK/,,https://www.linkedin.com/company/admiral-financial-services-limited,,,,,,,,https://twitter.com/admiralUK,,https://www.youtube.com/user/AdmiralInsurance,,,"Car, MultiCar and MultiCover Insurance Quotes – Admiral",,"Admiral offers a wealth of insurance products including Car Insurance, Home Insurance, Travel Insurance, Pet Insurance and Van Insurance.","car insurance, insurance, insurance uk, motor insurance, home insurance, car insurance uk, travel insurance, car insurance quotes, admiral",,,Cardiff,United Kingdom,"Admiral offers a wealth of insurance products including Car Insurance, Home Insurance, Travel Insurance, Pet Insurance and Van Insurance.",200.0,2017.0,FINANCIAL_SERVICES,False,"Admiral offers a wealth of insurance products including Car Insurance, Home Insurance, Travel Insurance, Pet Insurance and Van Insurance.",https://www.linkedin.com/company/admiral-financial-services-limited,Admiral,1000000000.0,Cardiff,Europe/London,AdmiralUK,565 Henderson Rd,https://facebook.com/admiraluk,9049085252,"8503 Feldman Rd, Jacksonville FL 32244",https://www.fastbackgroundcheck.com/people/charles-sheets/id/f8168049239256428339,person,Charles Sheets SR,CF10 2EH
insurance,GoSkippy Insurance,4.2,28376,https://goskippy.com/,//s3-eu-west-1.amazonaws.com/tpd/logos/515ab0d600006400052541e5/0x0.png,https://www.trustpilot.com/review/goskippy.com,,,,,,,,0344 840 6302,Lysander House,Bristol,United Kingdom,BS10 7TQ,syed.haque@goskippy.com,INVALID,Undeliverable,Syed Haque,Syed,Haque,Sales Executive,,deborah.clapp@goskippy.com,INVALID,Undeliverable,Deborah Clapp,Deborah,Clapp,Team Leade,,nirvana.pillay@goskippy.com,INVALID,Undeliverable,Nirvana Pillay,Nirvana,Pillay,Sales,,02890267617,03447765308,0344,http://facebook.com/goskip,,http://linkedin.com/company/goskippy-insurance,,,,,,,,http://twitter.com/goskippy,,,,,GoSkippy.com Insurance,GoSkippy Divi Child v.1.0.7,"Searching for car, bike, van or home insurance? Check out our competitive rates. Get a quick online quote with GoSkippy today.",,,,Patchway,United Kingdom,"GoSkippy is a UK insurance broker offering car, bike, van, and home insurance. They provide competitive rates and a quick online quote service. They search available insurers, including their own in-house company, to find the best deal for their custom...",250.0,2007.0,INSURANCE,False,"GoSkippy is a UK insurance broker offering car, bike, van, and home insurance. They provide competitive rates and a quick online quote service. They search available insurers, including their own in-house company, to find the best deal for their custom...",https://www.linkedin.com/company/goskippy-insurance,GoSkippy,50000000.0,South Gloucestershire,Europe/London,GoSkippy,Lysander Road,https://facebook.com/goskip,,,,,,BS10 7TQ
insurance,Swinton Insurance,4.4,43583,https://www.swinton.co.uk/,//s3-eu-west-1.amazonaws.com/tpd/logos/4be6bdd40000640005098596/0x0.png,https://www.trustpilot.com/review/www.swinton.co.uk,,,,Insurance Agency,,,,,,,United Kingdom,,info@onlyyoungdrivers.co.uk,RECEIVING,Catch All,,,,,,swintonpet@insurancefactory.co.uk,RECEIVING,Verified,,,,,,,,,,,,,,03330359387,03330359362,03330359480,https://www.facebook.com/SwintonInsurance,https://www.instagram.com/swintoninsure,http://www.linkedin.com/company/41399,,,,,,,,https://twitter.com/SwintonGroup,,,,,Business Insurance Quotes | Swinton Business,,Swinton caters for a wide range of business insurance requirements - from tradesmen and shop owners to landlords and motor traders. Contact us today!,,False,False,Salford,United Kingdom,"Swinton Insurance offers a variety of insurance products and services, including car, home, bike, van, business, and taxi insurance, along with breakdown cover. Trusted by over a million customers for over 60 years.",5000.0,1957.0,INSURANCE,False,"Swinton Insurance offers a variety of insurance products and services, including car, home, bike, van, business, and taxi insurance, along with breakdown cover. Trusted by over a million customers for over 60 years.",https://www.linkedin.com/company/swinton-insurance,Swinton Insurance,500000000.0,Greater Manchester,Europe/London,SwintonGroup,2 New Kings Head Yard,https://facebook.com/swintoninsurance,+44 344 481 0800,,,,,M3 7GH
insurance,Acorn Insurance,4.5,15372,https://acorninsure.co.uk,//s3-eu-west-1.amazonaws.com/tpd/logos/5b1a8b306cc55400016abf76/0x0.png,https://www.trustpilot.com/review/acorninsure.co.uk,,,,Insurance Company,,,,,Liverpool Road 98,Formby,United Kingdom,L37 6BS,danny@acorninsure.com,RECEIVING,Confirmed,Daniel Keating,Daniel,Keating,Head Of It,441704270027,a.keating@acorninsure.co.uk,INVALID,Invalid SMTP,A Keating,A,Keating,Director Of Marketing,,claudine.hons@acorninsure.co.uk,INVALID,Undeliverable,Claudine Hamblet Ba Hons,Claudine,Hamblet Ba Hons,Senior Human Resources Specialist,,441704339000,441704339325,441704339924,,,https://www.linkedin.com/company/acorn-insurance-and-financial-services-limited,,,,,,,,http://twitter.com/acorninsurance,,,,,Financial Help | Acorn Insurance,Acorn Insure 2023 v.1.0,We understand that many of our customers may be experiencing financial difficulties and other uncertainties. We are here to help our customers through,,False,False,,United Kingdom,"Acorn Insurance is a specialist insurance company offering Car, Taxi, and Home Insurance in the UK. With over 40 years of experience, we provide insurance solutions tailored to our customers' needs. Our range of insurance policies includes Private Car,...",1000.0,1982.0,INSURANCE,False,"Acorn Insurance is a specialist insurance company offering Car, Taxi, and Home Insurance in the UK. With over 40 years of experience, we provide insurance solutions tailored to our customers' needs. Our range of insurance policies includes Private Car,...",https://www.linkedin.com/company/acorn-insurance-and-financial-services-limited,Acorn Insurance,250000000.0,,Europe/London,AcornInsurance,,,,,,,,
insurance,ALA Insurance,4.9,21033,https://ala.co.uk,//s3-eu-west-1.amazonaws.com/tpd/logos/4d863a2000006400050f2e37/0x0.png,https://www.trustpilot.com/review/ala.co.uk,,,,"Insurance Company, Non-Bank Financial Service, Cycle Insurance Company, Insurance Broker, Insurance Agency",info@ala.co.uk,RECEIVING,SMTP validated,01653916304,"Unit 3, Park Farm Courtyard, Easthorpe",Malton,United Kingdom,YO17 6QX,dawn@ala.co.uk,RECEIVING,SMTP validated,Dawn Dowson,Dawn,Dowson,Head Of Customer Service,,simon.england@ala.co.uk,INVALID,Cannot validate,Simon England,Simon,England,Chief Executive Officer,,info@ala.co.uk,RECEIVING,SMTP validated,,,,,,01653916304,,,,,https://www.linkedin.com/company/ala-insurance,,,,,,,,,,,,,,,,,,,Malton,United Kingdom,"Use ALA70 for 10% off! Get a 3 year car GAP Insurance with ALA's Best Price Guarantee. Recommended by Auto Trader, Honest John, Piston Heads and Whatcar?",10.0,1990.0,INSURANCE,False,"Use ALA70 for 10% off! Get a 3 year car GAP Insurance with ALA's Best Price Guarantee. Recommended by Auto Trader, Honest John, Piston Heads and Whatcar?",https://www.linkedin.com/company/ala-insurance,ALA Insurance Brokers,10000000.0,North Yorkshire,Europe/London,ALAInsurance,"THIRD FLOOR, THE MALTINGS, CASTLEGATE",https://facebook.com/330214960412383,+44 1653 916304,,,,,YO17 6QX
insurance,Darwin Insurance,4.7,43251,https://darwin-insurance.com,//s3-eu-west-1.amazonaws.com/tpd/logos/5e71c5e9193e4900012267fd/0x0.png,https://www.trustpilot.com/review/darwin-insurance.com,,,,"Auto Insurance Agency, Insurance Company, Insurance Agency",contact@darwin-insurance.com,UNKNOWN,Cannot validate,01733 300017,"The Wharf, Neville Street",Leeds,United Kingdom,LS1 4AZ,complaints@darwin-insurance.com,UNKNOWN,Cannot validate,,,,,,,,,,,,,,,,,,,,,,,,,,,,,,,,,,,,,,,,"Make a Claim
    | Darwin",October CMS,,,False,False,Leeds,United Kingdom,"Darwin Insurance is one of the leading Insuretech companies in the UK, specializing in motor insurance. With a focus on providing incredible value to customers, Darwin has developed a machine learning-based smart pricing system that tailors prices for ...",250.0,,INSURANCE,False,"Darwin Insurance is one of the leading Insuretech companies in the UK, specializing in motor insurance. With a focus on providing incredible value to customers, Darwin has developed a machine learning-based smart pricing system that tailors prices for ...",https://www.linkedin.com/company/darwin-insurance,Darwin Insurance,,West Yorkshire,Europe/London,,,,+44 113 292 0667,,,,,LS1 4AZ
insurance,Howden Insurance,4.8,64980,https://www.howdeninsurance.co.uk,//s3-eu-west-1.amazonaws.com/tpd/logos/651589fc9d89c750f3d7da44/0x0.png,https://www.trustpilot.com/review/howdeninsurance.co.uk,,,,Insurance Broker,reviews@howdeninsurance.co.uk,UNKNOWN,Cannot validate,,2 Des Roches square Witney Oxfordshire OX28 4LE,Witney,United Kingdom,OX28 4LE,complaints@howdeninsurance.co.uk,INVALID,Invalid SMTP,,,,,,jonathan.cumpstey@howdeninsurance.co.uk,INVALID,Invalid SMTP,,,,,,admin.scot@howdeninsurance.co.uk,RECEIVING,SMTP validated,,,,,,01993894700,02086723375,02037953820,https://www.facebook.com/howdeninsurancelocaluk,https://www.instagram.com/howdeninsurancelocaluk,https://www.linkedin.com/company/howden-insurance-local-uk,https://www.tiktok.com/@howdeninsurancelocal,,,,,,,https://twitter.com/howdenlocaluk,,,,,"Car Insurance, Home Insurance and much more from your local insurance broker | Howden Insurance",,"Howden Insurance Brokers will help find you the right cover, at the right price. Contact us today or visit your local insurance specialist at a Howden branch near you.","Car Insurance, Home Insurance, Howden, Howden Insurance",False,False,Wilmslow,United Kingdom,"Howden Insurance UK is a company that provides insurance solutions for high net worth individuals. They work with insurers who provide excellent cover, who have a proven track record of positive claims handling and who offer valued solutions.",1000.0,,,False,"Howden Insurance UK is a company that provides insurance solutions for high net worth individuals. They work with insurers who provide excellent cover, who have a proven track record of positive claims handling and who offer valued solutions.",https://www.linkedin.com/company/howden-private-clients,Howdeninsurance,,Cheshire East,Europe/London,,,,,,,,,SK9 5AF
insurance,Geoffrey Insurance,4.5,18312,https://www.geoffreyinsurance.com/,,https://www.trustpilot.com/review/geoffreyinsurance.com,,,,"Insurance Agency, Auto Insurance Agency", social@geoffreyinsurance-bisl.co.uk,RECEIVING,Verified,,"Fusion House, Katharine Way, Bretton",Peterborough,United Kingdom,PE3 8BG,russell.wilson@geoffreyinsurance.com,INVALID,Undeliverable,Russell Wilson,Russell,Wilson,Contact Centre Manager,441227284848,accounts@insurancefactory.co.uk,RECEIVING,SMTP validated,,,,,,geoffreyncd@insurance-system.co.uk,UNKNOWN,Cannot validate,,,,,,08081961526,01227284933,08081961548,https://www.facebook.com/GeoffreyInsurance,,http://www.linkedin.com/company/2632850,,,,,,,,https://twitter.com/GeoffreyHelp,,,,,Geoffrey Insurance | Car & Pet Insurance | Geoffrey Insurance,,Visit Geoffrey Insurance for Car and Pet Insurance and get a competitive quote today.,,,,Whitstable,United Kingdom,"Rewarding safer drivers with cheaper insurance. Geoffrey Insurance strive to consistently deliver excellent customer service and offer cheaper insurance for safer drivers. They provide Car, Van and Learner Driver insurance via their website and price c...",50.0,2008.0,INSURANCE,False,"Rewarding safer drivers with cheaper insurance. Geoffrey Insurance strive to consistently deliver excellent customer service and offer cheaper insurance for safer drivers. They provide Car, Van and Learner Driver insurance via their website and price c...",https://www.linkedin.com/company/geoffrey-insurance,Geoffrey Insurance,50000000.0,Kent,Europe/London,GeoffreyInsure,,https://facebook.com/geoffreyinsurance,,,,,,CT5 3FD
insurance,Tesco Insurance,4.5,16819,https://www.tescoinsurance.com/,//s3-eu-west-1.amazonaws.com/tpd/logos/66bdd47d556835fbd7b4425d/0x0.png,https://www.trustpilot.com/review/tescoinsurance.com,,,,Insurance Company,https://www.tescoinsurance.com/help/contact/us,,,,,,United Kingdom,,tesco.petclaims@uk.rsagroup.com,RECEIVING,Verified,,,,,,,,,,,,,,,,,,,,,,03452462904,03456730000,03453660228,,https://www.instagram.com/tescoinsurance,,,,,,,,,,,,,,"Tesco Insurance - Car Insurance, Home Insurance, Pet Insurance, Travel Insurance",,"We provide a wide range of insurance options. Find the right cover for your car, home, pet or travel needs, and get a quote with Tesco Insurance today.",,False,False,,,,,,,,,,,,,,,,,,,,,,
insurance,2Gether Insurance,4.2,14569,https://2getherinsurance.co.uk,//s3-eu-west-1.amazonaws.com/tpd/logos/55cdc8d70000ff0005822332/0x0.png,https://www.trustpilot.com/review/2getherinsurance.co.uk,,,,"Insurance Agency, Insurance Broker",enquiries@2gi.co.uk,RECEIVING,Verified,01945 465508,Exchange Square,Wisbech,United Kingdom,PE13 1RA,johnd@2getherinsurance.co.uk,INVALID,Invalid DNS,,,,,,,,,,,,,,,,,,,,,,01945465508,01945586228,,,,,,,,,,,,,,,,,2Gether Insurance | Specialist Vehicle Broker,,,,False,False,Wisbech,United Kingdom,"2Gether Insurance is one of the UK's largest independent specialist insurance brokers. They offer a wide range of insurance products and services, including specialist vehicle insurance and motor breakdown coverage. They cover various types of vehicles...",10.0,2003.0,INSURANCE,False,"2Gether Insurance is one of the UK's largest independent specialist insurance brokers. They offer a wide range of insurance products and services, including specialist vehicle insurance and motor breakdown coverage. They cover various types of vehicles...",https://www.linkedin.com/company/2gether-insurance-ltd,2GETHER INSURANCE,,Cambridgeshire,Europe/London,,4 BRIDGE ST,https://www.facebook.com/pages/2Gether-Insurance/128053620628410,01945465508,,,,,PE13 1AF
insurance,GetSetGo Insurance,4.4,8127,https://www.getsetgo.ie/,//s3-eu-west-1.amazonaws.com/tpd/logos/609ceaf0f975970001390255/0x0.png,https://www.trustpilot.com/review/getsetgo.ie,,,,Insurance Agency,,,,,,,Ireland,,fdteam@mclinsurance.co.uk,RECEIVING,SMTP validated,,,,,,,,,,,,,,,,,,,,,,0818427006,08000443237,02890722804,https://www.facebook.com/getsetgoireland,https://www.instagram.com/getsetgoinsurance,https://www.linkedin.com/company/getsetgoinsurance,,,,,,,,https://twitter.com/askgetsetgo,,,,,Compare Car Insurance | GetSetGo Insurance Ireland,,"Compare insurance quotes online from the best online insurance provider in Ireland. Get the best deal on your car, home & travel insurance online with GetsetGo Insurance.","GetSetGo Insurance, GetSetGo.ie, GetSetGo Insurance Ireland, car insurance, motor insurance, Insurance Ireland, car insurance Ireland",False,False,,,,,,,,,,Getsetgo,,,,,,,,,,,,
insurance,Huddle Insurance,4.3,7039,https://huddleinsurance.com,//s3-eu-west-1.amazonaws.com/tpd/logos/5ac6b8bca605e9000153bad5/0x0.png,https://www.trustpilot.com/review/huddle.com.au,,,,"Insurance Company, Travel Insurance Company, Home Insurance Agency, Auto Insurance Agency",,,,Visit huddleinsurance.com to speak to one of our Insurance Experts,,,Australia,,help@beopen.com,RECEIVING,SMTP validated,,,,,,privacy@beopen.com,RECEIVING,SMTP validated,,,,,,privacy@huddle.com.au,RECEIVING,Role,,,,,,61282947772,,,,,,,,,,,,,,,,,,"Huddle | Car, Home, Contents Insurance",,"Life moves fast. Who wants to hang around for insurance? Get a quote in minutes. Buy, manage and claim online 24/7. Local experts when you need help. Trusted by thousands of Australians with 100K+ policies sold.",,False,True,,,,,,,,,,,,,,,,,,,,,,
insurance,Oasis Insurance,4.8,6567,https://www.oasisinsurance.co.uk,//s3-eu-west-1.amazonaws.com/tpd/logos/60dd8360182bc900018b0ac7/0x0.png,https://www.trustpilot.com/review/oasisinsurance.co.uk,,,,"Travel Insurance Company, Insurance Agency, Insurance Company",travel.sales@oasis-insurance.co.uk,UNKNOWN,Cannot validate,0330 041 8147,,,United Kingdom,,feedback@oasis-insurance.co.uk,RECEIVING,Role,,,,,,travel.sales@oasis-insurance.co.uk,UNKNOWN,Cannot validate,,,,,,oasis.complaints@oasis-insurance.co.uk,RECEIVING,Verified,,,,,,03300418147,,,,,,,,,,,,,,,,,,"Oasis Insurance - Simple Insurance, there for you in your time of need.",,Travel Insurance,Travel Insurance,False,False,,United Kingdom,"Oasis Insurance is a company that provides simple and reliable insurance solutions for individuals in their time of need. They offer travel insurance for both single trips and annual multi-trips, with coverage for cancellation, emergency medical situat...",10.0,2021.0,INSURANCE,False,"Oasis Insurance is a company that provides simple and reliable insurance solutions for individuals in their time of need. They offer travel insurance for both single trips and annual multi-trips, with coverage for cancellation, emergency medical situat...",https://www.linkedin.com/company/oasis-insurance-uk,Oasis Insurance,1000000.0,,Europe/London,_OasisInsurance,,,,,,,,
insurance,1st CENTRAL Insurance,4.5,169803,https://www.1stcentralinsurance.com,//s3-eu-west-1.amazonaws.com/tpd/logos/54b82b820000ff00057cc499/0x0.png,https://www.trustpilot.com/review/1stcentralinsurance.com,,,,"Auto Insurance Agency, Home Insurance Agency, Insurance Agency",,,,,Perrymount road,Haywards Heath,United Kingdom,RH16 3SY,lclarkson@1stcentralinsurance.com,UNKNOWN,Cannot validate,Liz Clarkson,Liz,Clarkson,Head Of Business Intelligence,,shaunheveron@1stcentralinsurance.com,INVALID,Invalid SMTP,Shaun Heveron,Shaun,Heveron,Data Integration Team Lead,,,,,,,,,,443330432066,,,https://www.facebook.com/102978709739134,,,,,,,,,,,,,,,,,,,,,Haywards Heath,United Kingdom,"1st Central offers 5 Star Defaqto rated car insurance with competitive pricing, 24/7 claims service, and smart pricing strategies for the best deals. Easily manage policies online with dedicated customer support.",10.0,2008.0,INSURANCE,False,"1st Central offers 5 Star Defaqto rated car insurance with competitive pricing, 24/7 claims service, and smart pricing strategies for the best deals. Easily manage policies online with dedicated customer support.",,1st CENTRAL,1000000.0,West Sussex,Europe/London,1stCentral,Perrymount Road,https://facebook.com/1stcentral,,,,,,RH16 3BN
insurance,AllClear Travel Insurance,4.8,206546,https://www.allcleartravel.co.uk/,//s3-eu-west-1.amazonaws.com/tpd/logos/4bf0509200006400050c422f/0x0.png,https://www.trustpilot.com/review/www.allcleartravel.co.uk,,,,"Travel Insurance Company, Insurance Company, Insurance Agency",info@allcleartravel.co.uk,RECEIVING,Role,0800 848 8608,"AllClear House, 1 Redwing Court, Ashton Road, Romford",Essex,United Kingdom,RM3 8QQ,ian.hall@allclearinsurance.com,INVALID,Undeliverable,Ian Hall,Ian,Hall,Head Of Product Development,08452505250,garry.nelson@allcleartravel.co.uk,INVALID,Cannot validate,Garry Nelson,Garry,Nelson,Group Head Of Marketing,448435060309,heather.maas@allcleartravel.co.uk,INVALID,Cannot validate,Heather Maas,Heather,Maas,Sales Consultant,,08008488608,08006404829,08452505250,https://www.facebook.com/AllClearTravel,,https://www.linkedin.com/company/allclear-insurance-services,,,,,,,,https://twitter.com/AllClearTravel,,,,,Travel Insurance | Voted UK’s Number 1 for Customer Care | AllClear Travel,,Get affordable Travel Insurance with AllClear’s holiday insurance cover. All medical conditions. Superior Covid cover. Defaqto 5-Star Rated products. Quote now!,,False,False,Romford,United Kingdom,"AllClear Travel is a leading provider of travel insurance, specializing in coverage for individuals with pre-existing medical conditions. We have been helping people travel abroad with peace of mind since 2000. Our medical travel insurance covers a ran...",250.0,1985.0,INSURANCE,False,"AllClear Travel is a leading provider of travel insurance, specializing in coverage for individuals with pre-existing medical conditions. We have been helping people travel abroad with peace of mind since 2000. Our medical travel insurance covers a ran...",https://www.linkedin.com/company/allclear-insurance-services,AllClear Insurance Services Limited,50000000.0,,Europe/London,AllClearTravel,,https://facebook.com/allcleartravel,,,,,,RM3 8QQ
